{"cameraMode":{"drawMode":0,"name":"Shaded","section":"Shading Mode"},"sceneLighting":false,"audioPlay":false,"sceneViewState":{"showFog":true,"showMaterialUpdate":false,"showSkybox":false,"showFlares":true,"showImageEffects":false,"showParticleSystems":true},"in2DMode":false,"pivot":{"x":2.871591091156006,"y":6.541998863220215,"z":2.407027244567871},"rotation":{"x":0.0815478041768074,"y":0.8680394291877747,"z":-0.15204313397407533,"w":0.46556589007377627},"size":8.150029182434082,"orthographic":false}