{"cameraMode":{"drawMode":0,"name":"Shaded","section":"Shading Mode"},"sceneLighting":false,"audioPlay":false,"sceneViewState":{"showFog":true,"showMaterialUpdate":false,"showSkybox":false,"showFlares":true,"showImageEffects":false,"showParticleSystems":true},"in2DMode":false,"pivot":{"x":0.009179353713989258,"y":1.7315280437469483,"z":-0.7631642818450928},"rotation":{"x":-0.017612602561712266,"y":0.9668222069740295,"z":-0.24522137641906739,"w":-0.06944356858730316},"size":3.059044122695923,"orthographic":false}