{"cameraMode":{"drawMode":0,"name":"Shaded","section":"Shading Mode"},"sceneLighting":false,"audioPlay":false,"sceneViewState":{"showFog":true,"showMaterialUpdate":false,"showSkybox":false,"showFlares":true,"showImageEffects":false,"showParticleSystems":true},"in2DMode":false,"pivot":{"x":-1.419011116027832,"y":0.5005687475204468,"z":-1.3041176795959473},"rotation":{"x":0.0966825932264328,"y":-0.6778013706207275,"z":0.09061308205127716,"w":0.7232075333595276},"size":2.920297384262085,"orthographic":false}