{"cameraMode":{"drawMode":0,"name":"Shaded","section":"Shading Mode"},"sceneLighting":false,"audioPlay":false,"sceneViewState":{"showFog":true,"showMaterialUpdate":false,"showSkybox":false,"showFlares":true,"showImageEffects":false,"showParticleSystems":true},"in2DMode":false,"pivot":{"x":-0.7187379002571106,"y":-0.02192401885986328,"z":3.234124183654785},"rotation":{"x":0.3366762101650238,"y":-0.24590322375297547,"z":0.09154874831438065,"w":0.9043238162994385},"size":8.715885162353516,"orthographic":true}