{"cameraMode":{"drawMode":0,"name":"Shaded","section":"Shading Mode"},"sceneLighting":false,"audioPlay":false,"sceneViewState":{"showFog":true,"showMaterialUpdate":false,"showSkybox":false,"showFlares":true,"showImageEffects":false,"showParticleSystems":true},"in2DMode":false,"pivot":{"x":-7.224011421203613,"y":-9.020379066467286,"z":6.4013991355896},"rotation":{"x":0.3651452958583832,"y":-0.47055158019065859,"z":0.2226186841726303,"w":0.7718121409416199},"size":13.54843521118164,"orthographic":false}